CPI,Date,Fuel_Price,IsHoliday,MarkDown1,MarkDown2,MarkDown3,MarkDown4,MarkDown5,Store,Temperature,Unemployment
199.9793565,2011-12-21,3.449,False,664.6029,59100.035928128826,92.45570560616142,2.0,1618.69,2879262,47.77,7.581
199.7360234,2011-12-03,3.48,False,2994.2794,67718.50082920669,2297.3129429011206,867.3095431679993,3615.7,2879262,57.59,7.581
199.7190623,2011-12-02,3.483,True,689.7542,67718.50130627012,1990.593995290429,831.6680993871338,3520.82,2879262,56.68,7.581
200.1190693,2011-12-28,3.385,False,2968.6931,58479.733934758166,452.93123246083417,783.3507370347178,1972.75,2879262,55.66,7.581
199.8969042,2011-12-15,3.465,True,1160.8545,67640.50731673426,474.58234551596695,801.5788868588633,2778.78,2879262,55.82,7.581
193.2537422,2011-12-22,3.523,True,6431.4098,182.62031479884237,13883.17646382196,2.0,5961.94,14285559,22.99,7.734
192.9656438,2011-12-02,3.655,False,10220.4756,182.62031479048792,13883.432145915374,3242.171125772156,35717.28,14285559,24.36,7.734
192.9655734,2011-12-02,3.591,False,8510.3645,182.62031511483048,13883.432145915374,2.0,23975.72,14285559,24.16,7.734
193.3225582,2011-12-27,3.523,True,10021.5236,182.62031479048792,523.2390437423969,3490.8002115958675,6019.48,14285559,22.26,7.734
193.0639831,2011-12-11,3.525,False,9188.8528,182.62031545514867,13883.432145915374,255.08476247457872,7873.95,14285559,23.35,7.734
156.3101485,2011-12-28,3.422,False,7769.4143,89868.64916732753,1127.9962927628549,3583.368142621889,4651.11,9798665,46.54,6.546
155.9821752,2011-12-02,3.517,False,2999.8844,89798.62927430833,4426.331584741203,4848.533588499325,18433.13,9798665,54.65,6.546
155.9977826,2011-12-02,3.461,False,6365.7811,89869.39630693788,107.76452122834196,5083.84486122294,7213.76,9798665,51.19,6.546
156.2209829,2011-12-18,3.422,True,3044.6507,89245.40685029817,5422.412169529552,971.6395019034366,7213.18,9798665,46.16,6.546
156.0864826,2011-12-10,3.424,False,4932.657,89868.3525155286,807.6535454514337,4286.139287187044,6086.48,9798665,47.81,6.546
154.9710382,2011-12-27,3.295,False,5949.8174,69020.95037216804,1085.7807090225,862.1550703997151,4864.52,9956434,37.02,8.577
154.7201192,2011-12-02,3.432,False,8311.4545,50962.901174260274,4286.2531390747845,862.149966213353,4095.16,9956434,39.81,8.577
154.7417648,2011-12-12,3.413,False,2453.301,54842.85935246677,4598.228214598773,862.149966213353,2918.28,9956434,39.69,8.577
154.774778,2011-12-14,3.313,False,9206.7921,70587.64545364001,52.3365901325311,2554.8960469148583,8953.62,9956434,39.34,8.577
154.7710942,2011-12-16,3.36,False,6459.9319,69140.55914884656,2735.1115964143255,862.1499662136441,5210.59,9956434,39.51,8.577
147.228255,2011-12-26,3.429,True,1027.6651,41548.450990202524,114.04058064287581,3659.538329326953,1025.2,10275130,34.71,11.13
146.752685,2011-12-02,3.594,False,1162.7286,45675.77106233661,3683.5426200160123,3883.4131212997436,6476.2,10275130,38.34,11.13
146.7531026,2011-12-02,3.599,False,1026.1766,45885.91001264581,1615.2891726697962,3883.8129971257717,4623.9,10275130,34.58,11.13
147.2423909,2011-12-20,3.403,False,1559.9544,23964.380193478086,3030.4007506365997,968.5230444248082,3285.15,10275130,36.23,11.13
146.8338968,2011-12-10,3.529,False,1043.0092,42710.51910204288,977.385648025268,3863.7812386129463,3362.58,10275130,34.88,11.13
222.0066528,2011-12-27,3.177,True,783.6251,44079.97405636744,214.12640464952187,131.87858381322522,1392.33,7218420,52.22,7.883
221.2149687,2011-12-02,3.198,False,574.1489,47368.99170097281,27.04352586859492,1025.1525039206006,1769.27,7218420,53.26,7.883
221.2511531,2011-12-03,3.192,False,1618.3283,49320.74908838739,779.4906307728886,131.50056611794582,2355.13,7218420,53.32,7.883
221.9748091,2011-12-26,3.197,False,564.4124,24330.284523886286,16.782766727712097,1083.2757711494494,609.61,7218420,52.48,7.883
221.6247579,2011-12-13,3.19,False,742.2467,41674.961297396585,210.6648422164331,131.6014256728073,1468.71,7218420,53.13,7.883
130.9826003,2011-12-21,3.292,True,5448.4362,20031.621104533875,20295.153768759177,1725.0458315552335,4975.61,7177626,33.95,9.818
130.6351298,2011-12-05,3.523,False,10237.8427,1321.5405698784577,20295.153768759177,6615.5,37126.58,7177626,40.48,9.818
130.637032,2011-12-10,3.365,False,6422.6609,0.03,20295.153768759177,6615.5,36477.44,7177626,43.57,9.818
130.9558351,2011-12-26,3.336,True,10193.702,76645.36208607622,19830.569852797405,6122.880293436378,5493.34,7177626,33.95,9.818
130.7338985,2011-12-20,3.336,False,8437.2198,14483.17989118473,20295.153768759177,6281.0710592087835,18218.32,7177626,36.13,9.818
145.5507644,2011-12-22,3.199,False,3972.8862,4787.880884194694,1810.375263857848,396.5876173205998,3986.94,7020511,35.53,9.178
145.1543997,2011-12-03,3.253,False,4721.8348,11766.282373098007,141.31857362414436,2160.052811554363,13640.58,7020511,39.55,9.178
145.1544641,2011-12-02,3.253,False,4576.3181,10156.945910293045,1796.3984629484921,483.9287986581277,4309.82,7020511,40.57,9.178
145.5712079,2011-12-28,3.159,True,4921.245,11431.06743028865,152.21878138963248,2127.4756756031293,13640.58,7020511,37.61,9.178
145.2200396,2011-12-15,3.248,False,4824.7967,10877.677182167292,820.7502209476804,403.5983097194301,12933.85,7020511,39.0,9.178
166.8640602,2011-12-25,3.243,False,3311.4265,19711.506083232685,265.21193314957094,2.0,2697.04,13339386,33.0,6.46
166.6070878,2011-12-02,3.34,False,5036.8237,2505.4227304925726,2980.266874828804,1827.904164660965,25027.08,13339386,42.0,6.46
166.6315766,2011-12-02,3.292,False,862.343,4463.380008241934,1504.4260556333938,1044.9338256584467,25027.08,13339386,41.98,6.46
166.8197741,2011-12-27,3.247,True,5223.0698,22783.9983996523,261.8379537627675,1456.1971017679948,12144.89,13339386,33.36,6.46
166.7158035,2011-12-12,3.254,False,4429.3976,12509.770952451876,285.66997022554847,1076.81060828351,25026.39,13339386,36.5,6.46
182.2978109,2011-12-25,3.195,True,6865.0034,87054.47929162609,837.3724389090175,2207.1729533501007,3132.39,4684864,34.55,6.468
181.7809777,2011-12-02,3.297,False,9634.3044,0.03,12294.459340897874,6111.899174380794,35180.17,4684864,34.57,6.468
181.9450711,2011-12-14,3.297,False,9541.1469,11874.547847414304,15057.590015560132,6178.033155162804,35180.29,4684864,38.56,6.468
182.2878506,2011-12-14,3.198,False,4868.2837,7637.667571198642,324.18025140613975,1021.2130952504663,3132.39,4684864,28.15,6.468
182.182891,2011-12-18,3.274,False,7860.1659,14285.732954696972,8070.865510185535,4023.829317409844,3239.88,4684864,33.62,6.468
178.6056663,2011-12-26,3.3,False,1793.1221,80828.87527824509,1124.9134212194365,580.586280866749,988.67,15709902,45.31,7.327
178.248747,2011-12-02,3.368,False,2172.5032,104519.54,3940.5203284476493,3530.490363931851,19833.35,15709902,56.82,7.327
178.2515387,2011-12-02,3.306,False,1707.0288,97269.21208878668,6051.481846646902,3447.5630083014166,19828.19,15709902,56.27,7.327
178.6408003,2011-12-24,3.32,False,3453.6171,104519.54,186.54381040669526,1558.777961664711,977.53,15709902,45.03,7.327
178.4159396,2011-12-12,3.306,False,1717.3472,104519.54,4006.9162607367903,2977.908540681209,3406.86,15709902,47.96,7.327
200.8171592,2011-12-25,3.192,False,11472.59,78442.51223577131,567.1016381004991,2500.52436488264,5807.52,5089766,32.83,7.888
200.5130598,2011-12-02,3.234,False,11472.59,0.03,6742.942383654953,2878.8248241268,35488.88,5089766,34.86,7.888
200.5329989,2011-12-04,3.244,False,11472.59,863.1142997598281,3461.5213251840473,3113.036099064426,35488.88,5089766,34.91,7.888
200.8050344,2011-12-23,3.192,False,6276.3687,15043.992378052582,3069.5041891370133,928.6291502348107,5807.52,5089766,22.9,7.888
200.6862424,2011-12-14,3.196,False,10390.0003,6210.888087874434,2541.174953826288,2819.5440502161255,5807.53,5089766,33.56,7.888
197.1371552,2011-12-25,3.362,False,4889.5004,77945.69716365961,192.59044831953378,3624.8724956000224,749.79,5301261,32.38,4.749
196.7358123,2011-12-02,3.368,False,3333.07,5285.488700601024,5918.925532238683,2758.450980792799,28703.43,5301261,40.25,4.749
196.7362544,2011-12-02,3.377,False,5650.1134,31990.414314808088,3199.5094312544315,3518.553508942382,27521.84,5301261,36.55,4.749
197.1441964,2011-12-27,3.362,True,2510.7434,38282.72484816933,607.6614812489379,1429.28354122913,740.23,5301261,32.97,4.749
196.8633578,2011-12-12,3.362,False,4676.6863,37333.12035043917,1065.178384942267,2733.945151063277,2033.91,5301261,33.71,4.749
211.2655255,2011-12-21,3.245,False,3907.3348,4145.357512598472,140.11684140263455,1748.979885017834,4096.65,13849251,33.31,8.213
210.589567,2011-12-03,3.345,False,7427.1557,45111.38572620138,3586.752002380777,4511.635706133204,33099.74,13849251,37.73,8.213
210.6125869,2011-12-02,3.345,False,7416.3555,18237.639263087596,1837.202133631343,2907.307359365175,33099.74,13849251,33.09,8.213
211.23423,2011-12-29,3.242,False,6547.7691,43257.572511625665,251.29579629636893,3008.008621591478,4096.46,13849251,40.92,8.213
210.8962295,2011-12-14,3.34,False,7079.8036,25144.381454607654,730.0719071242395,2548.469696142897,32866.65,13849251,34.59,8.213
135.379852,2011-12-27,3.354,False,3344.8126,50318.81756318296,127.83451878222358,1961.0074395249396,12986.27,8273242,50.25,6.739
135.0560581,2011-12-02,3.507,False,1607.9361,25587.524231959425,3949.4526291909783,4293.03700960467,12548.65,8273242,52.71,6.739
135.0560574,2011-12-02,3.502,False,3770.4556,11105.383004184576,2863.6580111444296,3849.033337871203,17311.98,8273242,55.02,6.739
135.4439537,2011-12-21,3.344,False,528.424,50357.18500809924,1977.4108274641956,992.297452244816,3810.64,8273242,49.7,6.739
135.0737539,2011-12-12,3.428,False,3104.8955,27640.596305866005,1962.8768183425498,2340.7169674997263,11425.21,8273242,50.23,6.739
204.6688442,2011-12-21,3.145,False,1511.9514,18606.910399783435,363.0866544412173,2.0,366.04,1101777,26.46,4.643
204.2914189,2011-12-02,3.202,False,6894.462,20685.205810997126,233.13009180199634,856.5486396019351,5116.32,1101777,31.73,4.643
204.3156132,2011-12-03,3.206,False,6892.7288,20155.97667952511,2880.773228776096,644.8795028272116,4695.22,1101777,31.97,4.643
204.645948,2011-12-27,3.124,False,1758.5421,20685.20729764108,132.58138192480297,486.622276975269,376.27,1101777,15.12,4.643
204.4868208,2011-12-15,3.163,False,6148.6281,20665.379463211746,1062.6247739294772,491.5031579414886,776.55,1101777,30.13,4.643
216.8602882,2011-12-28,3.219,False,5590.3921,15307.78520125067,119.12669083261152,1406.724989465567,28487.74,2475371,39.06,5.796
216.1003106,2011-12-02,3.359,False,7135.4387,0.03,2016.8857556120522,1250.407722142866,28361.37,2475371,48.81,5.796
216.242066,2011-12-02,3.345,False,5152.7297,0.03,2113.4009767229622,1203.5406274793618,28488.6,2475371,52.45,5.796
216.5878108,2011-12-26,3.219,False,5970.2874,8140.633083984857,92.87286060455986,595.9566131351573,4082.08,2475371,37.19,5.796
216.4654578,2011-12-09,3.267,False,5649.142,3225.2132464571214,578.0551697901377,738.7535490297251,28201.11,2475371,47.6,5.796
171.2979042,2011-12-25,3.305,True,7669.7961,57952.60257468908,371.4374822911378,434.2259568035564,10050.81,11845276,50.02,7.222
170.6088134,2011-12-02,3.437,False,6408.8723,87533.27997149601,3666.1478550755332,5384.545020470509,29149.41,11845276,51.22,7.222
170.6304262,2011-12-09,3.438,False,7670.0424,55087.57005601496,7692.683708389103,5360.4573179681065,29093.19,11845276,51.54,7.222
171.0429898,2011-12-20,3.285,True,4284.014,92114.5719892386,1.856124030942675,603.0178091171213,14901.87,11845276,51.42,7.222
170.8783683,2011-12-17,3.365,False,7639.2583,71434.56948916163,1374.018395235548,3039.7326218188973,26618.53,11845276,51.65,7.222
186.0216136,2011-12-26,3.489,True,2191.9007,104519.54,120.34996106232683,1864.1709783116553,13392.73,764285,37.24,8.805
185.4635,2011-12-02,3.635,False,2203.5248,49579.16112839183,5604.443987725035,1790.9858168715023,20830.63,764285,43.23,8.805
185.4678989,2011-12-02,3.624,False,1841.033,104519.54,5396.327082464701,1889.0069378629832,20840.91,764285,42.68,8.805
185.9222784,2011-12-28,3.488,True,2115.6864,59261.491300150665,293.39279136364956,344.76177028338327,6177.25,764285,37.24,8.805
185.6054574,2011-12-09,3.518,False,1895.9785,98254.20876970341,2417.754921716667,1777.0899051601696,17741.91,764285,38.16,8.805
196.4412847,2011-12-23,3.156,True,2298.4522,30697.691029248035,864.0054852409884,49.54748070436369,3880.27,12011041,40.83,7.76
195.9224174,2011-12-02,3.254,False,2630.8686,36615.77816995972,3444.8498263711945,1628.6686804696653,13638.7,12011041,41.41,7.76
195.9482299,2011-12-03,3.254,False,2919.2414,8098.701906455564,6921.765440979252,1591.13191480114,13638.67,12011041,40.91,7.76
196.5177171,2011-12-27,3.152,False,2495.0373,60440.04575337107,121.23075191759091,1518.9754131518173,6790.05,12011041,41.19,7.76
196.2640917,2011-12-15,3.226,False,2885.325,31629.94551920421,2212.1318294148346,1504.6745029661297,13422.65,12011041,40.04,7.76
165.2034301,2011-12-24,3.241,True,3581.0041,29998.964631935,211.55429593720748,3062.106435753792,1185.06,12478429,21.25,7.599
164.7293067,2011-12-02,3.366,False,1815.4898,6974.448501527831,3728.08606658885,2150.0502440736627,20581.56,12478429,33.23,7.599
164.7283886,2011-12-02,3.356,False,4053.4824,0.03,2902.265360454668,2424.129318327639,18440.64,12478429,24.28,7.599
165.2528969,2011-12-28,3.236,True,1528.7763,31129.317924975257,659.6903064892356,1250.9791310607031,2466.27,12478429,25.02,7.599
164.8490748,2011-12-13,3.275,False,3029.7205,15944.501885700862,1119.8014093744418,1822.1188018512487,7471.7,12478429,24.12,7.599
139.9096435,2011-12-21,3.274,False,4227.248,92284.20174199289,235.46489342974596,757.7690616670811,1230.96,16365361,50.61,7.159
139.572486,2011-12-02,3.35,False,3620.6473,102453.7556149932,5002.383523571988,2656.0667348189368,4260.53,16365361,57.2,7.159
139.5724875,2011-12-02,3.339,False,4604.1203,102201.58607924964,533.6783666843129,2483.2892484299846,4050.2,16365361,55.54,7.159
139.9989881,2011-12-26,3.259,True,779.4169,102297.70533885046,1175.2955537480755,1297.096569881957,2310.35,16365361,52.93,7.159
139.6563262,2011-12-12,3.31,False,4161.9559,101869.89021706778,618.0388787692536,1836.4028687248729,3292.93,16365361,55.09,7.159
203.6891916,2011-12-26,3.122,False,279.0641,24340.096916687147,1151.9464673129005,620.4235813614272,3208.66,10563809,43.42,9.43
202.961625,2011-12-02,3.185,False,5904.4259,44555.45154198859,1260.7526251988918,628.2260375695885,5697.99,10563809,49.61,9.43
202.9986274,2011-12-04,3.191,False,5991.5543,28557.551637030843,4084.7806092919145,620.4235816078883,5342.64,10563809,49.47,9.43
203.6027233,2011-12-26,3.115,True,5985.4349,44451.689036001335,42.79338704092308,620.4235813614272,3158.16,10563809,46.98,9.43
203.3115165,2011-12-15,3.172,False,5419.5072,36612.18130623139,1093.2740749068766,620.4235813614272,4010.8,10563809,48.51,9.43
147.7450486,2011-12-21,3.307,False,791.5496,32706.9243604626,73.81693072562251,2.0,1219.71,1539145,43.49,7.723
147.4831736,2011-12-02,3.408,False,3368.9917,35423.92815808949,73.81693072562251,1230.164645233595,4904.23,1539145,56.02,7.723
147.4833068,2011-12-02,3.412,False,656.0218,35268.39575606124,73.81693072562251,1225.0335002221302,4345.61,1539145,52.01,7.723
147.8429799,2011-12-28,3.307,True,3504.8286,34673.70891552697,73.81693072562251,674.3909837878182,1898.57,1539145,46.57,7.723
147.5830434,2011-12-13,3.327,False,2957.1975,34418.263599816746,73.81693072562251,921.2649444032588,2927.66,1539145,49.04,7.723
221.5709412,2011-12-26,3.172,False,4340.1671,94843.7456794593,158.77192173726115,1060.9464965832115,1695.67,5650212,49.09,6.03
220.9940303,2011-12-02,3.233,False,4522.4821,24582.452944265922,724.3988507249283,1095.9626525026772,6811.93,5650212,52.84,6.03
220.9903043,2011-12-05,3.231,False,4527.0357,22318.79516168577,394.37035966867194,1179.8985969910393,721.92,5650212,56.57,6.03
221.6362764,2011-12-26,3.176,False,2238.3731,78993.26870244482,471.2867869969286,345.67098793172175,7019.08,5650212,44.65,6.03
221.2972106,2011-12-17,3.203,False,4461.0959,47900.59410613822,379.0033271905749,726.299417890273,2507.4,5650212,50.31,6.03
202.7184937,2011-12-23,3.182,True,3211.3395,34011.32394986174,4.656861904368502,2.0,1913.99,11712778,49.62,7.157
202.0227844,2011-12-02,3.266,False,240.6612,49066.54162477355,-0.16154437219065892,2040.199498349302,1962.94,11712778,55.95,7.157
202.0353518,2011-12-02,3.254,False,240.9587,49297.418947277954,220.3267729328634,2.0,1982.49,11712778,54.79,7.157
202.7603337,2011-12-28,3.227,True,243.5901,33713.53005613871,-0.28482338309165417,2.0,1585.16,11712778,55.23,7.157
202.3780003,2011-12-12,3.243,False,1321.3554,44806.90885732226,27.354828653503098,2.0,1878.66,11712778,54.73,7.157
192.208958,2011-12-21,3.392,True,5241.9791,61249.117976199086,415.2775431024536,837.1640711663995,4295.57,4536565,42.62,7.57
191.7980447,2011-12-02,3.499,False,8491.9501,5104.878991794045,13306.59038721538,3732.750832180702,35906.36,4536565,46.56,7.57
191.8037464,2011-12-02,3.442,False,7530.8341,2189.45808670863,13304.204719416615,3030.934864492761,35906.35,4536565,49.9,7.57
192.2648016,2011-12-25,3.402,True,8063.0616,98367.31842614319,464.3578809914122,2765.2314912129564,3903.37,4536565,42.41,7.57
192.0211374,2011-12-15,3.405,False,7631.0891,29643.565346525782,6523.723330897601,2829.7108608136405,33854.06,4536565,43.47,7.57
145.9890007,2011-12-25,3.205,True,6379.0902,21263.941375108752,3494.2546577584585,2515.972080937404,4446.15,1490766,28.48,9.996
145.5860964,2011-12-02,3.336,False,9107.7069,8186.194954379624,4711.726542915988,6213.751487335143,34898.55,1490766,32.28,9.996
145.6641145,2011-12-10,3.285,False,7332.3705,0.03,9962.265775508913,6213.586805758482,35082.11,1490766,36.21,9.996
145.6732973,2011-12-22,3.205,True,9108.2051,78326.73708327273,274.7776642419755,3335.5647251301098,4445.98,1490766,28.48,9.996
145.7347268,2011-12-18,3.223,True,8842.5537,16263.21994760658,1891.6307306704944,5966.019963963457,13432.67,1490766,29.78,9.996
201.0648881,2011-12-27,3.15,False,4673.7133,38121.477545114634,486.99912153551657,1075.03801573332,3015.77,14945591,19.87,5.553
200.7029288,2011-12-02,3.285,False,7145.2215,3098.589356506878,1024.532117299185,1543.1939209504956,13532.74,14945591,23.67,5.553
200.7119126,2011-12-04,3.242,False,6603.867,0.03,1014.5526362031089,523.1014371900794,6675.76,14945591,18.85,5.553
200.9780651,2011-12-22,3.183,False,7214.0613,85529.1020611549,438.46921377223595,1880.595517128769,13424.85,14945591,24.53,5.553
200.8035752,2011-12-14,3.188,False,7148.8098,24380.763860313433,674.4242177987869,1107.0137566262526,9243.11,14945591,20.0,5.553
147.7850744,2011-12-26,3.313,True,1260.0088,65939.1127018383,128.09241991748385,4269.069836797822,4289.29,6488574,46.5,7.635
147.5137567,2011-12-02,3.383,False,940.8501,69407.01059092897,583.7862022298164,4845.299653839991,21687.41,6488574,56.82,7.635
147.5138619,2011-12-02,3.363,True,914.058,75986.54730941755,123.31156061985624,4835.798332274169,20585.9,6488574,59.69,7.635
147.7544484,2011-12-27,3.307,True,1776.4474,38728.91865744022,1111.0775910067596,1814.9390622317,13370.01,6488574,43.99,7.635
147.5475549,2011-12-11,3.324,True,964.0626,57924.15025068618,150.72300293092735,4087.377586229672,16019.71,6488574,53.44,7.635
161.3294799,2011-12-26,3.21,True,5394.9508,44820.546668805095,54.94323426620454,217.30606355059632,4573.11,16166434,44.92,9.65
160.8490403,2011-12-02,3.336,False,1114.0047,46560.81178750233,407.23656431984205,1682.2238460374308,5856.73,16166434,46.44,9.65
160.8521025,2011-12-07,3.336,False,5393.5385,46560.919338850916,31.173416760398283,1684.6387477800135,5811.04,16166434,47.03,9.65
161.3304904,2011-12-23,3.219,True,1118.392,33671.25430643458,684.7782639887847,183.96803763655078,4959.75,16166434,45.02,9.65
160.9966285,2011-12-18,3.309,False,5285.3811,46505.548753305295,254.5978010919362,630.7686335525284,5473.22,16166434,46.38,9.65
144.1108308,2011-12-24,3.278,False,6620.2564,37690.3176738085,829.1568646718098,832.0353229466234,4010.81,16116667,33.79,7.797
143.7932376,2011-12-02,3.437,False,7069.6414,442.3428287780537,9461.45266736194,6351.869175840909,34745.07,16116667,39.25,7.797
143.7937586,2011-12-02,3.414,False,4896.9166,0.03,9456.56409311108,1744.893764989386,34409.78,16116667,33.74,7.797
144.0717114,2011-12-27,3.313,False,8080.1132,82868.08322779753,364.2061991578819,6391.617944322171,3970.89,16116667,36.03,7.797
143.8683812,2011-12-12,3.359,False,6499.5882,6067.52728876712,6288.0044833571965,5687.719031411477,13126.49,16116667,34.14,7.797
152.9139844,2011-12-27,3.209,False,3172.0668,26603.62968652502,126.16734297531816,4287.9152102161925,22314.68,1154446,41.68,7.721
152.4055721,2011-12-02,3.304,False,1261.7128,13657.631468929105,330.6072046781497,577.8693372020052,21376.67,1154446,47.53,7.721
152.4126559,2011-12-03,3.33,False,1403.1563,7525.91816410132,281.64976175765054,4294.8913518554755,22353.63,1154446,40.28,7.721
153.0326572,2011-12-27,3.157,False,2806.933,28501.256109628368,173.17629092016062,102.59649046426033,2238.47,1154446,47.61,7.721
152.6204581,2011-12-15,3.239,False,2053.6856,16811.06300334508,181.98261115216962,4204.718724772409,19962.47,1154446,41.84,7.721
200.1571777,2011-12-24,3.294,True,2010.7142,52509.04912179696,748.6127736390503,517.0516048975171,11398.82,1924965,48.87,9.8
199.4999302,2011-12-02,3.412,False,3497.5988,93173.99630133789,2411.588093981298,3216.7093602435457,13784.3,1924965,53.74,9.8
199.5092191,2011-12-03,3.298,False,1186.7665,61105.88203595627,3053.4634470750443,3131.299579374974,13774.46,1924965,58.82,9.8
200.1963422,2011-12-20,3.302,True,4496.4406,99409.08583013066,96.16771394972068,1546.53821863175,6443.83,1924965,48.74,9.8
199.8284973,2011-12-12,3.296,False,2494.0365,80070.08456341,1334.5757083964731,2614.8530434903514,12319.97,1924965,52.33,9.8
167.1565023,2011-12-26,3.51,True,801.0752,75141.20722783565,28.824171619663474,2528.188904793545,462.54,13237662,44.82,7.811
166.9046225,2011-12-02,3.635,False,740.3076,59842.97749218384,2927.7285919873493,3456.1026222167866,11146.96,13237662,43.95,7.811
166.9383393,2011-12-04,3.546,False,740.2742,86046.13740891792,2928.7597662066905,4619.447453228999,11146.95,13237662,43.64,7.811
167.0996765,2011-12-26,3.52,True,2792.8245,37748.66920902674,19.360957292261467,2.0,3756.39,13237662,43.32,7.811
167.0406957,2011-12-15,3.522,False,740.9389,69375.81195573065,2169.2758242861373,3043.4739794648303,10906.9,13237662,43.34,7.811
178.5050537,2011-12-26,3.177,True,785.9465,20417.606813508475,8.256861226920696,741.6377576127022,1426.84,1623590,51.54,6.861
177.9133314,2011-12-02,3.275,False,239.2994,25972.672073603128,27.372047488293365,1698.9901011320226,2501.77,1623590,48.23,6.861
177.9330735,2011-12-02,3.275,False,772.1307,26048.836364233925,7.198152842476881,1812.3327425061984,2501.82,1623590,46.72,6.861
178.3184097,2011-12-24,3.155,True,421.1824,12067.362937928927,46.306573647820294,2.0,1213.16,1623590,51.6,6.861
178.1670277,2011-12-12,3.229,False,749.7102,22353.361710420497,14.435345947225827,1073.0187281961582,2434.99,1623590,48.41,6.861
207.2557648,2011-12-27,3.131,True,5490.7765,74679.63432417132,172.58427339124097,499.9412396226388,1544.74,12174865,49.83,7.374
206.5555987,2011-12-02,3.219,False,4794.4282,83421.9120296263,10.198661478345405,3874.7152748351627,15431.81,12174865,49.77,7.374
206.673784,2011-12-05,3.217,False,1831.9196,84095.83854492694,643.2347005180568,3596.6309191690293,15147.47,12174865,52.53,7.374
207.216453,2011-12-20,3.185,True,5490.8746,61376.08567213248,8.705431001539308,652.6471373327868,3229.75,12174865,49.19,7.374
207.0126138,2011-12-15,3.206,True,5470.2692,79497.77833564294,169.18835709650702,2078.8653223526767,11763.85,12174865,49.41,7.374
134.7757495,2011-12-22,3.272,False,3893.279,23690.82420898199,442.36661600408576,4678.446337336965,9510.75,12396579,29.87,6.963
134.5547222,2011-12-02,3.409,False,6041.4597,1945.19861415208,8057.36047713754,1462.3640364974972,3609.58,12396579,41.97,6.963
134.5547616,2011-12-03,3.384,False,7845.1268,0.03,8056.897924654821,4949.22604062949,3605.79,12396579,42.03,6.963
134.7927456,2011-12-25,3.27,False,2351.1954,47864.09393843356,8042.467483040631,320.82524388636665,2787.64,12396579,31.11,6.963
134.5968125,2011-12-15,3.304,False,5486.4343,10716.613376613708,8034.840286252101,3497.757729231626,3203.32,12396579,40.02,6.963
136.9142075,2011-12-25,3.234,False,7733.9311,104519.54,211.15183534184337,1570.331663652854,2016.12,2213040,33.97,7.073
136.7134461,2011-12-02,3.372,False,6178.0937,81919.8720054906,5807.433602811196,4776.634090071749,24584.24,2213040,33.97,7.073
136.7134743,2011-12-02,3.371,False,8111.9766,104519.54,211.15063783179795,4532.600435733263,18399.52,2213040,33.97,7.073
136.9119759,2011-12-22,3.215,False,3228.1955,47729.14603378792,5807.433602836347,3682.9048046231146,1811.11,2213040,34.56,7.073
136.7338118,2011-12-10,3.306,False,6764.9815,88874.31327414454,232.66027464963759,3837.06442029598,4744.54,2213040,33.97,7.073
215.2139451,2011-12-25,3.186,True,1886.9317,35951.40435383908,207.36071314656,1394.370095064466,3294.05,1779709,35.03,5.59
214.6309467,2011-12-02,3.268,False,614.6051,37408.76072633626,391.81479176957953,1142.1571768469382,5272.93,1779709,45.83,5.59
214.7130941,2011-12-02,3.268,False,1972.832,38378.39318178054,392.0240726841539,1286.252574134481,5273.19,1779709,44.37,5.59
215.1424294,2011-12-27,3.186,False,614.6046,30523.621112714776,136.66846276014775,231.20993489376332,360.42,1779709,41.25,5.59
214.9810512,2011-12-13,3.246,False,1158.0564,36556.07622695234,371.63647769438705,685.1114827380138,4984.01,1779709,42.75,5.59
146.8659156,2011-12-28,3.209,True,6853.5252,57815.589257513646,180.94776554727264,607.1975388126141,13713.49,10045201,48.33,5.602
146.4656217,2011-12-02,3.35,False,7476.5504,7817.618367678117,6920.997423735671,590.5920231846741,17987.17,10045201,46.71,5.602
146.4674119,2011-12-10,3.354,False,8150.6715,29359.77100974458,6920.771596837127,590.6293203574096,18019.61,10045201,50.47,5.602
146.791722,2011-12-18,3.188,True,3088.9002,27878.109424738657,180.26365150070112,590.5920209452217,1797.57,10045201,40.4,5.602
146.5457193,2011-12-17,3.282,False,5937.97,37386.85624912249,4120.274320558562,590.5936423319358,16924.2,10045201,48.76,5.602
193.6489845,2011-12-20,3.184,True,6987.6047,104519.54,35.83114695991234,944.8392823869679,3226.32,14447683,43.84,8.808
193.1682512,2011-12-02,3.222,False,7073.0905,57321.81988507753,190.82278379936668,5383.01690745576,31662.76,14447683,49.16,8.808
193.1992373,2011-12-02,3.184,False,2786.8282,96799.0833330883,35.512342651578976,4510.284099136338,31659.67,14447683,49.89,8.808
193.7212005,2011-12-21,3.203,False,7073.091,54905.20833930231,13090.031823236135,821.2667175825399,3528.02,14447683,43.22,8.808
193.4915997,2011-12-12,3.188,False,6929.3949,82263.29093192323,59.275842266610084,2246.7690807144613,25548.94,14447683,47.26,8.808
197.1977143,2011-12-26,3.393,True,3580.5466,52591.42107344264,131.4649306458614,891.1969860367433,1046.07,1088874,40.35,6.586
196.8795225,2011-12-02,3.528,False,2328.1218,52627.52469387262,2135.382276513994,127.25051593063358,1827.51,1088874,44.96,6.586
196.9359233,2011-12-03,3.524,False,3116.115,52627.53045501182,2135.3821878381277,958.7421715900775,1336.37,1088874,44.84,6.586
197.0896321,2011-12-26,3.392,True,3011.7345,48032.369514249185,512.4607058158767,2.0,1117.87,1088874,43.43,6.586
197.042893,2011-12-14,3.437,True,2757.1164,52626.033263483114,2113.8439799841153,748.4795257469784,1099.9,1088874,43.82,6.586
191.7090304,2011-12-15,3.227,False,1868.4296,444.2148473968258,206.13419038164946,571.9018705740023,2652.88,10742985,48.44,6.322
191.2490995,2011-12-07,3.256,True,6679.2164,61616.64449236478,3806.205050336387,5464.158170460327,26622.5,10742985,58.23,6.322
191.2767007,2011-12-04,3.299,True,6679.2164,2231.1309670440137,8152.77612928448,4670.4500517578235,18293.24,10742985,52.51,6.322
191.7742251,2011-12-28,3.205,False,3020.631,59255.52912090521,190.68605738245572,588.4645141469448,11853.35,10742985,50.25,6.322
191.5336104,2011-12-16,3.241,True,6677.4157,15797.31116334646,1357.358815163168,1777.723110521404,11596.85,10742985,50.84,6.322
157.7289391,2011-12-22,3.532,True,3783.164,34434.42973228127,44.34961895798176,1464.901111771123,3113.09,15422460,35.69,9.689
157.5470937,2011-12-03,3.701,False,1309.1406,31866.95599634062,3154.878027312483,1056.9019234428738,3707.74,15422460,49.65,9.689
157.5476149,2011-12-02,3.701,True,3567.4389,33457.09138343481,3154.878027312483,712.2342615356072,5306.71,15422460,49.65,9.689
157.7179226,2011-12-28,3.53,False,1714.2865,32397.60990705772,44.32398644073236,800.0624057042519,799.73,15422460,36.72,9.689
157.5872909,2011-12-16,3.579,True,3182.3231,32123.481012235454,3154.878027312483,910.3264550208901,3252.91,15422460,47.61,9.689
