Store,Date,CPI,Fuel_Price,IsHoliday,MarkDown1,MarkDown2,MarkDown3,MarkDown4,MarkDown5,Temperature,Unemployment,_is_imputed
764285,2011-12-02,185.4635,3.635,False,2203.5248,49579.16112839183,5604.443987725035,1790.9858168715025,20830.63,43.23,8.805,False
764285,2011-12-02,185.4678989,3.624,False,1841.033,104519.54,5396.327082464701,1889.0069378629832,20840.91,42.68,8.805,False
764285,2011-12-09,185.6054574,3.518,False,1895.9785,98254.2087697034,2417.754921716667,1777.0899051601696,17741.91,38.16,8.805,False
764285,2011-12-16,,,False,,,,,,,,True
764285,2011-12-23,186.0216136,3.489,True,2191.9007,104519.54,120.34996106232684,1864.1709783116555,13392.73,37.24,8.805,False
764285,2011-12-30,185.9222784,3.488,True,2115.6864,59261.491300150665,293.3927913636496,344.76177028338327,6177.25,37.24,8.805,False
1088874,2011-12-02,196.8795225,3.528,False,2328.1218,52627.52469387262,2135.382276513994,127.25051593063358,1827.51,44.96,6.586,False
1088874,2011-12-02,196.9359233,3.524,False,3116.115,52627.53045501182,2135.382187838128,958.7421715900776,1336.37,44.84,6.586,False
1088874,2011-12-09,,,False,,,,,,,,True
1088874,2011-12-16,197.042893,3.437,True,2757.1164,52626.03326348312,2113.843979984116,748.4795257469784,1099.9,43.82,6.586,False
1088874,2011-12-23,197.1977143,3.393,True,3580.5466,52591.42107344264,131.4649306458614,891.1969860367433,1046.07,40.35,6.586,False
1088874,2011-12-23,197.0896321,3.392,True,3011.7345,48032.36951424919,512.4607058158767,2.0,1117.87,43.43,6.586,False
1088874,2011-12-30,,,True,,,,,,,,True
1101777,2011-12-02,204.2914189,3.202,False,6894.462,20685.20581099713,233.13009180199637,856.5486396019351,5116.32,31.73,4.643,False
1101777,2011-12-02,204.3156132,3.206,False,6892.7288,20155.97667952511,2880.773228776096,644.8795028272116,4695.22,31.97,4.643,False
1101777,2011-12-09,,,False,,,,,,,,True
1101777,2011-12-16,204.4868208,3.163,False,6148.6281,20665.379463211742,1062.6247739294772,491.5031579414886,776.55,30.13,4.643,False
1101777,2011-12-23,204.6688442,3.145,False,1511.9514,18606.910399783435,363.0866544412173,2.0,366.04,26.46,4.643,False
1101777,2011-12-30,204.645948,3.124,False,1758.5421,20685.20729764108,132.58138192480297,486.622276975269,376.27,15.12,4.643,False
1154446,2011-12-02,152.4055721,3.304,False,1261.7128,13657.631468929105,330.6072046781497,577.8693372020052,21376.67,47.53,7.721,False
1154446,2011-12-02,152.4126559,3.33,False,1403.1563,7525.91816410132,281.64976175765054,4294.891351855476,22353.63,40.28,7.721,False
1154446,2011-12-09,,,False,,,,,,,,True
1154446,2011-12-16,152.6204581,3.239,False,2053.6856,16811.06300334508,181.9826111521696,4204.718724772409,19962.47,41.84,7.721,False
1154446,2011-12-23,,,False,,,,,,,,True
1154446,2011-12-30,152.9139844,3.209,False,3172.0668,26603.62968652502,126.16734297531816,4287.9152102161925,22314.68,41.68,7.721,False
1154446,2011-12-30,153.0326572,3.157,False,2806.933,28501.256109628368,173.17629092016062,102.59649046426031,2238.47,47.61,7.721,False
1490766,2011-12-02,145.5860964,3.336,False,9107.7069,8186.194954379624,4711.726542915988,6213.751487335143,34898.55,32.28,9.996,False
1490766,2011-12-09,145.6641145,3.285,False,7332.3705,0.03,9962.265775508911,6213.586805758482,35082.11,36.21,9.996,False
1490766,2011-12-16,145.7347268,3.223,True,8842.5537,16263.21994760658,1891.6307306704944,5966.019963963457,13432.67,29.78,9.996,False
1490766,2011-12-23,145.6732973,3.205,True,9108.2051,78326.73708327273,274.7776642419755,3335.5647251301098,4445.98,28.48,9.996,False
1490766,2011-12-23,145.9890007,3.205,True,6379.0902,21263.941375108752,3494.2546577584585,2515.972080937404,4446.15,28.48,9.996,False
1490766,2011-12-30,,,True,,,,,,,,True
1539145,2011-12-02,147.4831736,3.408,False,3368.9917,35423.92815808949,73.81693072562251,1230.164645233595,4904.23,56.02,7.723,False
1539145,2011-12-02,147.4833068,3.412,False,656.0218,35268.39575606124,73.81693072562251,1225.0335002221302,4345.61,52.01,7.723,False
1539145,2011-12-09,,,False,,,,,,,,True
1539145,2011-12-16,147.5830434,3.327,False,2957.1975,34418.263599816746,73.81693072562251,921.2649444032588,2927.66,49.04,7.723,False
1539145,2011-12-23,147.7450486,3.307,False,791.5496,32706.9243604626,73.81693072562251,2.0,1219.71,43.49,7.723,False
1539145,2011-12-30,147.8429799,3.307,True,3504.8286,34673.70891552697,73.81693072562251,674.3909837878182,1898.57,46.57,7.723,False
1623590,2011-12-02,177.9133314,3.275,False,239.2994,25972.672073603128,27.372047488293365,1698.9901011320226,2501.77,48.23,6.861,False
1623590,2011-12-02,177.9330735,3.275,False,772.1307,26048.836364233925,7.198152842476881,1812.3327425061984,2501.82,46.72,6.861,False
1623590,2011-12-09,178.1670277,3.229,False,749.7102,22353.361710420497,14.435345947225828,1073.0187281961582,2434.99,48.41,6.861,False
1623590,2011-12-16,,,False,,,,,,,,True
1623590,2011-12-23,178.3184097,3.155,True,421.1824,12067.362937928929,46.30657364782029,2.0,1213.16,51.6,6.861,False
1623590,2011-12-23,178.5050537,3.177,True,785.9465,20417.606813508475,8.256861226920696,741.6377576127022,1426.84,51.54,6.861,False
1623590,2011-12-30,,,True,,,,,,,,True
1779709,2011-12-02,214.6309467,3.268,False,614.6051,37408.76072633626,391.81479176957953,1142.1571768469382,5272.93,45.83,5.59,False
1779709,2011-12-02,214.7130941,3.268,False,1972.832,38378.39318178054,392.0240726841539,1286.252574134481,5273.19,44.37,5.59,False
1779709,2011-12-09,,,False,,,,,,,,True
1779709,2011-12-16,214.9810512,3.246,False,1158.0564,36556.07622695234,371.6364776943871,685.1114827380138,4984.01,42.75,5.59,False
1779709,2011-12-23,215.2139451,3.186,True,1886.9317,35951.40435383908,207.36071314656,1394.370095064466,3294.05,35.03,5.59,False
1779709,2011-12-30,215.1424294,3.186,False,614.6046,30523.621112714776,136.66846276014775,231.2099348937633,360.42,41.25,5.59,False
1924965,2011-12-02,199.4999302,3.412,False,3497.5988,93173.99630133787,2411.588093981298,3216.7093602435457,13784.3,53.74,9.8,False
1924965,2011-12-02,199.5092191,3.298,False,1186.7665,61105.88203595627,3053.4634470750443,3131.299579374974,13774.46,58.82,9.8,False
1924965,2011-12-09,199.8284973,3.296,False,2494.0365,80070.08456341,1334.5757083964731,2614.8530434903514,12319.97,52.33,9.8,False
1924965,2011-12-16,,,False,,,,,,,,True
1924965,2011-12-23,200.1963422,3.302,True,4496.4406,99409.08583013066,96.16771394972068,1546.53821863175,6443.83,48.74,9.8,False
1924965,2011-12-23,200.1571777,3.294,True,2010.7142,52509.04912179696,748.6127736390503,517.0516048975171,11398.82,48.87,9.8,False
1924965,2011-12-30,,,True,,,,,,,,True
2213040,2011-12-02,136.7134461,3.372,False,6178.0937,81919.8720054906,5807.433602811196,4776.634090071749,24584.24,33.97,7.073,False
2213040,2011-12-02,136.7134743,3.371,False,8111.9766,104519.54,211.15063783179795,4532.600435733263,18399.52,33.97,7.073,False
2213040,2011-12-09,136.7338118,3.306,False,6764.9815,88874.31327414454,232.6602746496376,3837.06442029598,4744.54,33.97,7.073,False
2213040,2011-12-16,,,False,,,,,,,,True
2213040,2011-12-23,136.9119759,3.215,False,3228.1955,47729.14603378792,5807.433602836347,3682.9048046231146,1811.11,34.56,7.073,False
2213040,2011-12-23,136.9142075,3.234,False,7733.9311,104519.54,211.15183534184337,1570.331663652854,2016.12,33.97,7.073,False
2213040,2011-12-30,,,False,,,,,,,,True
2475371,2011-12-02,216.1003106,3.359,False,7135.4387,0.03,2016.885755612052,1250.407722142866,28361.37,48.81,5.796,False
2475371,2011-12-02,216.242066,3.345,False,5152.7297,0.03,2113.4009767229622,1203.5406274793618,28488.6,52.45,5.796,False
2475371,2011-12-09,216.4654578,3.267,False,5649.142,3225.2132464571214,578.0551697901377,738.7535490297251,28201.11,47.6,5.796,False
2475371,2011-12-16,,,False,,,,,,,,True
2475371,2011-12-23,216.5878108,3.219,False,5970.2874,8140.633083984857,92.87286060455986,595.9566131351573,4082.08,37.19,5.796,False
2475371,2011-12-30,216.8602882,3.219,False,5590.3921,15307.78520125067,119.12669083261152,1406.724989465567,28487.74,39.06,5.796,False
2879262,2011-12-02,199.7190623,3.483,True,689.7542,67718.50130627012,1990.593995290429,831.6680993871338,3520.82,56.68,7.581,False
2879262,2011-12-02,199.7360234,3.48,False,2994.2794,67718.50082920669,2297.312942901121,867.3095431679993,3615.7,57.59,7.581,False
2879262,2011-12-09,,,False,,,,,,,,True
2879262,2011-12-16,199.8969042,3.465,True,1160.8545,67640.50731673426,474.58234551596695,801.5788868588633,2778.78,55.82,7.581,False
2879262,2011-12-23,199.9793565,3.449,False,664.6029,59100.035928128826,92.45570560616142,2.0,1618.69,47.77,7.581,False
2879262,2011-12-30,200.1190693,3.385,False,2968.6931,58479.733934758166,452.93123246083417,783.3507370347178,1972.75,55.66,7.581,False
4536565,2011-12-02,191.7980447,3.499,False,8491.9501,5104.878991794045,13306.59038721538,3732.750832180702,35906.36,46.56,7.57,False
4536565,2011-12-02,191.8037464,3.442,False,7530.8341,2189.45808670863,13304.204719416615,3030.934864492761,35906.35,49.9,7.57,False
4536565,2011-12-09,,,False,,,,,,,,True
4536565,2011-12-16,192.0211374,3.405,False,7631.0891,29643.565346525786,6523.723330897601,2829.7108608136405,33854.06,43.47,7.57,False
4536565,2011-12-23,192.208958,3.392,True,5241.9791,61249.117976199086,415.2775431024536,837.1640711663995,4295.57,42.62,7.57,False
4536565,2011-12-23,192.2648016,3.402,True,8063.0616,98367.3184261432,464.3578809914122,2765.2314912129564,3903.37,42.41,7.57,False
4536565,2011-12-30,,,True,,,,,,,,True
4684864,2011-12-02,181.7809777,3.297,False,9634.3044,0.03,12294.459340897874,6111.899174380794,35180.17,34.57,6.468,False
4684864,2011-12-09,,,False,,,,,,,,True
4684864,2011-12-16,181.9450711,3.297,False,9541.1469,11874.547847414304,15057.590015560132,6178.033155162804,35180.29,38.56,6.468,False
4684864,2011-12-16,182.2878506,3.198,False,4868.2837,7637.667571198642,324.18025140613975,1021.2130952504664,3132.39,28.15,6.468,False
4684864,2011-12-16,182.182891,3.274,False,7860.1659,14285.732954696972,8070.865510185535,4023.829317409844,3239.88,33.62,6.468,False
4684864,2011-12-23,182.2978109,3.195,True,6865.0034,87054.47929162609,837.3724389090175,2207.1729533501007,3132.39,34.55,6.468,False
4684864,2011-12-30,,,True,,,,,,,,True
5089766,2011-12-02,200.5130598,3.234,False,11472.59,0.03,6742.942383654953,2878.8248241268,35488.88,34.86,7.888,False
5089766,2011-12-02,200.5329989,3.244,False,11472.59,863.1142997598281,3461.521325184048,3113.036099064426,35488.88,34.91,7.888,False
5089766,2011-12-09,,,False,,,,,,,,True
5089766,2011-12-16,200.6862424,3.196,False,10390.0003,6210.888087874434,2541.174953826288,2819.544050216125,5807.53,33.56,7.888,False
5089766,2011-12-23,200.8050344,3.192,False,6276.3687,15043.992378052582,3069.5041891370133,928.6291502348108,5807.52,22.9,7.888,False
5089766,2011-12-23,200.8171592,3.192,False,11472.59,78442.51223577131,567.1016381004991,2500.52436488264,5807.52,32.83,7.888,False
5089766,2011-12-30,,,False,,,,,,,,True
5301261,2011-12-02,196.7358123,3.368,False,3333.07,5285.488700601024,5918.925532238683,2758.450980792799,28703.43,40.25,4.749,False
5301261,2011-12-02,196.7362544,3.377,False,5650.1134,31990.414314808088,3199.5094312544315,3518.553508942382,27521.84,36.55,4.749,False
5301261,2011-12-09,196.8633578,3.362,False,4676.6863,37333.12035043917,1065.178384942267,2733.945151063277,2033.91,33.71,4.749,False
5301261,2011-12-16,,,False,,,,,,,,True
5301261,2011-12-23,197.1371552,3.362,False,4889.5004,77945.69716365961,192.59044831953375,3624.8724956000224,749.79,32.38,4.749,False
5301261,2011-12-30,197.1441964,3.362,True,2510.7434,38282.72484816933,607.6614812489379,1429.28354122913,740.23,32.97,4.749,False
5650212,2011-12-02,220.9940303,3.233,False,4522.4821,24582.45294426592,724.3988507249283,1095.9626525026772,6811.93,52.84,6.03,False
5650212,2011-12-02,220.9903043,3.231,False,4527.0357,22318.79516168577,394.370359668672,1179.8985969910393,721.92,56.57,6.03,False
5650212,2011-12-09,,,False,,,,,,,,True
5650212,2011-12-16,221.2972106,3.203,False,4461.0959,47900.59410613822,379.0033271905749,726.299417890273,2507.4,50.31,6.03,False
5650212,2011-12-23,221.5709412,3.172,False,4340.1671,94843.7456794593,158.77192173726115,1060.9464965832117,1695.67,49.09,6.03,False
5650212,2011-12-23,221.6362764,3.176,False,2238.3731,78993.26870244482,471.2867869969286,345.6709879317217,7019.08,44.65,6.03,False
5650212,2011-12-30,,,False,,,,,,,,True
6488574,2011-12-02,147.5137567,3.383,False,940.8501,69407.01059092897,583.7862022298164,4845.299653839991,21687.41,56.82,7.635,False
6488574,2011-12-02,147.5138619,3.363,True,914.058,75986.54730941755,123.31156061985624,4835.798332274169,20585.9,59.69,7.635,False
6488574,2011-12-09,147.5475549,3.324,True,964.0626,57924.15025068618,150.72300293092735,4087.377586229672,16019.71,53.44,7.635,False
6488574,2011-12-16,,,True,,,,,,,,True
6488574,2011-12-23,147.7850744,3.313,True,1260.0088,65939.1127018383,128.09241991748385,4269.069836797822,4289.29,46.5,7.635,False
6488574,2011-12-30,147.7544484,3.307,True,1776.4474,38728.91865744022,1111.0775910067596,1814.9390622317,13370.01,43.99,7.635,False
7020511,2011-12-02,145.1544641,3.253,False,4576.3181,10156.945910293043,1796.398462948492,483.9287986581277,4309.82,40.57,9.178,False
7020511,2011-12-02,145.1543997,3.253,False,4721.8348,11766.282373098007,141.31857362414436,2160.052811554363,13640.58,39.55,9.178,False
7020511,2011-12-09,,,False,,,,,,,,True
7020511,2011-12-16,145.2200396,3.248,False,4824.7967,10877.677182167292,820.7502209476804,403.5983097194301,12933.85,39.0,9.178,False
7020511,2011-12-23,145.5507644,3.199,False,3972.8862,4787.880884194694,1810.375263857848,396.5876173205998,3986.94,35.53,9.178,False
7020511,2011-12-30,145.5712079,3.159,True,4921.245,11431.06743028865,152.21878138963248,2127.4756756031293,13640.58,37.61,9.178,False
7177626,2011-12-02,130.6351298,3.523,False,10237.8427,1321.5405698784575,20295.153768759177,6615.5,37126.58,40.48,9.818,False
7177626,2011-12-09,130.637032,3.365,False,6422.6609,0.03,20295.153768759177,6615.5,36477.44,43.57,9.818,False
7177626,2011-12-16,,,False,,,,,,,,True
7177626,2011-12-23,130.7338985,3.336,False,8437.2198,14483.17989118473,20295.153768759177,6281.071059208784,18218.32,36.13,9.818,False
7177626,2011-12-23,130.9826003,3.292,True,5448.4362,20031.621104533875,20295.153768759177,1725.0458315552337,4975.61,33.95,9.818,False
7177626,2011-12-23,130.9558351,3.336,True,10193.702,76645.36208607622,19830.569852797405,6122.880293436378,5493.34,33.95,9.818,False
7177626,2011-12-30,,,True,,,,,,,,True
7218420,2011-12-02,221.2149687,3.198,False,574.1489,47368.99170097281,27.04352586859492,1025.1525039206006,1769.27,53.26,7.883,False
7218420,2011-12-02,221.2511531,3.192,False,1618.3283,49320.74908838739,779.4906307728886,131.50056611794582,2355.13,53.32,7.883,False
7218420,2011-12-09,,,False,,,,,,,,True
7218420,2011-12-16,221.6247579,3.19,False,742.2467,41674.961297396585,210.6648422164331,131.6014256728073,1468.71,53.13,7.883,False
7218420,2011-12-23,221.9748091,3.197,False,564.4124,24330.284523886286,16.782766727712097,1083.2757711494494,609.61,52.48,7.883,False
7218420,2011-12-30,222.0066528,3.177,True,783.6251,44079.97405636744,214.12640464952187,131.87858381322522,1392.33,52.22,7.883,False
8273242,2011-12-02,135.0560581,3.507,False,1607.9361,25587.524231959425,3949.4526291909774,4293.03700960467,12548.65,52.71,6.739,False
8273242,2011-12-02,135.0560574,3.502,False,3770.4556,11105.383004184576,2863.6580111444296,3849.033337871203,17311.98,55.02,6.739,False
8273242,2011-12-09,135.0737539,3.428,False,3104.8955,27640.596305866005,1962.8768183425495,2340.7169674997263,11425.21,50.23,6.739,False
8273242,2011-12-16,,,False,,,,,,,,True
8273242,2011-12-23,135.4439537,3.344,False,528.424,50357.18500809924,1977.410827464196,992.297452244816,3810.64,49.7,6.739,False
8273242,2011-12-30,135.379852,3.354,False,3344.8126,50318.81756318296,127.83451878222358,1961.00743952494,12986.27,50.25,6.739,False
9798665,2011-12-02,155.9821752,3.517,False,2999.8844,89798.62927430833,4426.331584741203,4848.533588499325,18433.13,54.65,6.546,False
9798665,2011-12-02,155.9977826,3.461,False,6365.7811,89869.39630693788,107.76452122834196,5083.84486122294,7213.76,51.19,6.546,False
9798665,2011-12-09,156.0864826,3.424,False,4932.657,89868.3525155286,807.6535454514337,4286.139287187044,6086.48,47.81,6.546,False
9798665,2011-12-16,156.2209829,3.422,True,3044.6507,89245.40685029817,5422.412169529552,971.6395019034366,7213.18,46.16,6.546,False
9798665,2011-12-23,,,True,,,,,,,,True
9798665,2011-12-30,156.3101485,3.422,False,7769.4143,89868.64916732753,1127.9962927628549,3583.368142621889,4651.11,46.54,6.546,False
9956434,2011-12-02,154.7201192,3.432,False,8311.4545,50962.901174260274,4286.2531390747845,862.149966213353,4095.16,39.81,8.577,False
9956434,2011-12-09,154.7417648,3.413,False,2453.301,54842.85935246677,4598.228214598773,862.149966213353,2918.28,39.69,8.577,False
9956434,2011-12-16,154.774778,3.313,False,9206.7921,70587.64545364001,52.3365901325311,2554.8960469148583,8953.62,39.34,8.577,False
9956434,2011-12-16,154.7710942,3.36,False,6459.9319,69140.55914884656,2735.111596414325,862.1499662136441,5210.59,39.51,8.577,False
9956434,2011-12-23,,,False,,,,,,,,True
9956434,2011-12-30,154.9710382,3.295,False,5949.8174,69020.95037216804,1085.7807090225,862.1550703997151,4864.52,37.02,8.577,False
10045201,2011-12-02,146.4656217,3.35,False,7476.5504,7817.618367678117,6920.997423735671,590.5920231846741,17987.17,46.71,5.602,False
10045201,2011-12-09,146.4674119,3.354,False,8150.6715,29359.77100974458,6920.771596837127,590.6293203574096,18019.61,50.47,5.602,False
10045201,2011-12-16,146.5457193,3.282,False,5937.97,37386.85624912249,4120.274320558562,590.5936423319358,16924.2,48.76,5.602,False
10045201,2011-12-16,146.791722,3.188,True,3088.9002,27878.109424738657,180.26365150070112,590.5920209452217,1797.57,40.4,5.602,False
10045201,2011-12-23,,,True,,,,,,,,True
10045201,2011-12-30,146.8659156,3.209,True,6853.5252,57815.589257513646,180.94776554727264,607.1975388126141,13713.49,48.33,5.602,False
10275130,2011-12-02,146.752685,3.594,False,1162.7286,45675.77106233661,3683.542620016012,3883.413121299744,6476.2,38.34,11.13,False
10275130,2011-12-02,146.7531026,3.599,False,1026.1766,45885.91001264581,1615.2891726697962,3883.812997125772,4623.9,34.58,11.13,False
10275130,2011-12-09,146.8338968,3.529,False,1043.0092,42710.51910204288,977.385648025268,3863.781238612946,3362.58,34.88,11.13,False
10275130,2011-12-16,,,False,,,,,,,,True
10275130,2011-12-23,147.2423909,3.403,False,1559.9544,23964.38019347809,3030.4007506366,968.5230444248082,3285.15,36.23,11.13,False
10275130,2011-12-23,147.228255,3.429,True,1027.6651,41548.45099020253,114.0405806428758,3659.538329326953,1025.2,34.71,11.13,False
10275130,2011-12-30,,,True,,,,,,,,True
10563809,2011-12-02,202.961625,3.185,False,5904.4259,44555.45154198859,1260.7526251988918,628.2260375695885,5697.99,49.61,9.43,False
10563809,2011-12-02,202.9986274,3.191,False,5991.5543,28557.551637030843,4084.7806092919145,620.4235816078883,5342.64,49.47,9.43,False
10563809,2011-12-09,,,False,,,,,,,,True
10563809,2011-12-16,203.3115165,3.172,False,5419.5072,36612.18130623139,1093.2740749068766,620.4235813614272,4010.8,48.51,9.43,False
10563809,2011-12-23,203.6891916,3.122,False,279.0641,24340.096916687147,1151.9464673129005,620.4235813614272,3208.66,43.42,9.43,False
10563809,2011-12-23,203.6027233,3.115,True,5985.4349,44451.689036001335,42.79338704092308,620.4235813614272,3158.16,46.98,9.43,False
10563809,2011-12-30,,,True,,,,,,,,True
10742985,2011-12-02,191.2767007,3.299,True,6679.2164,2231.1309670440137,8152.77612928448,4670.450051757824,18293.24,52.51,6.322,False
10742985,2011-12-09,191.2490995,3.256,True,6679.2164,61616.64449236478,3806.205050336387,5464.158170460327,26622.5,58.23,6.322,False
10742985,2011-12-16,191.7090304,3.227,False,1868.4296,444.2148473968258,206.13419038164943,571.9018705740023,2652.88,48.44,6.322,False
10742985,2011-12-16,191.5336104,3.241,True,6677.4157,15797.31116334646,1357.358815163168,1777.723110521404,11596.85,50.84,6.322,False
10742985,2011-12-23,,,True,,,,,,,,True
10742985,2011-12-30,191.7742251,3.205,False,3020.631,59255.52912090521,190.6860573824557,588.4645141469448,11853.35,50.25,6.322,False
11712778,2011-12-02,202.0227844,3.266,False,240.6612,49066.54162477355,-0.1615443721906589,2040.199498349302,1962.94,55.95,7.157,False
11712778,2011-12-02,202.0353518,3.254,False,240.9587,49297.418947277954,220.3267729328634,2.0,1982.49,54.79,7.157,False
11712778,2011-12-09,202.3780003,3.243,False,1321.3554,44806.90885732226,27.354828653503095,2.0,1878.66,54.73,7.157,False
11712778,2011-12-16,,,False,,,,,,,,True
11712778,2011-12-23,202.7184937,3.182,True,3211.3395,34011.32394986174,4.656861904368502,2.0,1913.99,49.62,7.157,False
11712778,2011-12-30,202.7603337,3.227,True,243.5901,33713.53005613871,-0.2848233830916541,2.0,1585.16,55.23,7.157,False
11845276,2011-12-02,170.6088134,3.437,False,6408.8723,87533.27997149601,3666.147855075533,5384.545020470509,29149.41,51.22,7.222,False
11845276,2011-12-09,170.6304262,3.438,False,7670.0424,55087.57005601496,7692.683708389103,5360.4573179681065,29093.19,51.54,7.222,False
11845276,2011-12-16,170.8783683,3.365,False,7639.2583,71434.56948916163,1374.018395235548,3039.7326218188973,26618.53,51.65,7.222,False
11845276,2011-12-23,171.0429898,3.285,True,4284.014,92114.5719892386,1.856124030942675,603.0178091171213,14901.87,51.42,7.222,False
11845276,2011-12-23,171.2979042,3.305,True,7669.7961,57952.60257468908,371.4374822911378,434.2259568035564,10050.81,50.02,7.222,False
11845276,2011-12-30,,,True,,,,,,,,True
12011041,2011-12-02,195.9224174,3.254,False,2630.8686,36615.77816995972,3444.8498263711945,1628.668680469665,13638.7,41.41,7.76,False
12011041,2011-12-02,195.9482299,3.254,False,2919.2414,8098.701906455564,6921.765440979252,1591.13191480114,13638.67,40.91,7.76,False
12011041,2011-12-09,,,False,,,,,,,,True
12011041,2011-12-16,196.2640917,3.226,False,2885.325,31629.94551920421,2212.1318294148346,1504.6745029661297,13422.65,40.04,7.76,False
12011041,2011-12-23,196.4412847,3.156,True,2298.4522,30697.691029248035,864.0054852409884,49.54748070436369,3880.27,40.83,7.76,False
12011041,2011-12-30,196.5177171,3.152,False,2495.0373,60440.04575337107,121.23075191759092,1518.9754131518173,6790.05,41.19,7.76,False
12174865,2011-12-02,206.5555987,3.219,False,4794.4282,83421.9120296263,10.198661478345404,3874.7152748351623,15431.81,49.77,7.374,False
12174865,2011-12-02,206.673784,3.217,False,1831.9196,84095.83854492694,643.2347005180568,3596.6309191690293,15147.47,52.53,7.374,False
12174865,2011-12-09,,,False,,,,,,,,True
12174865,2011-12-16,207.0126138,3.206,True,5470.2692,79497.77833564294,169.18835709650702,2078.8653223526767,11763.85,49.41,7.374,False
12174865,2011-12-23,207.216453,3.185,True,5490.8746,61376.08567213248,8.705431001539308,652.6471373327868,3229.75,49.19,7.374,False
12174865,2011-12-30,207.2557648,3.131,True,5490.7765,74679.63432417132,172.58427339124097,499.9412396226388,1544.74,49.83,7.374,False
12396579,2011-12-02,134.5547222,3.409,False,6041.4597,1945.19861415208,8057.36047713754,1462.3640364974972,3609.58,41.97,6.963,False
12396579,2011-12-02,134.5547616,3.384,False,7845.1268,0.03,8056.897924654821,4949.22604062949,3605.79,42.03,6.963,False
12396579,2011-12-09,,,False,,,,,,,,True
12396579,2011-12-16,134.5968125,3.304,False,5486.4343,10716.613376613708,8034.840286252101,3497.757729231626,3203.32,40.02,6.963,False
12396579,2011-12-23,134.7757495,3.272,False,3893.279,23690.82420898199,442.36661600408576,4678.446337336965,9510.75,29.87,6.963,False
12396579,2011-12-23,134.7927456,3.27,False,2351.1954,47864.09393843356,8042.467483040631,320.82524388636665,2787.64,31.11,6.963,False
12396579,2011-12-30,,,False,,,,,,,,True
12478429,2011-12-02,164.7293067,3.366,False,1815.4898,6974.448501527831,3728.08606658885,2150.0502440736627,20581.56,33.23,7.599,False
12478429,2011-12-02,164.7283886,3.356,False,4053.4824,0.03,2902.265360454668,2424.129318327639,18440.64,24.28,7.599,False
12478429,2011-12-09,,,False,,,,,,,,True
12478429,2011-12-16,164.8490748,3.275,False,3029.7205,15944.501885700862,1119.8014093744418,1822.1188018512487,7471.7,24.12,7.599,False
12478429,2011-12-23,165.2034301,3.241,True,3581.0041,29998.964631935,211.55429593720748,3062.106435753792,1185.06,21.25,7.599,False
12478429,2011-12-30,165.2528969,3.236,True,1528.7763,31129.317924975257,659.6903064892356,1250.9791310607031,2466.27,25.02,7.599,False
13237662,2011-12-02,166.9046225,3.635,False,740.3076,59842.97749218384,2927.7285919873493,3456.1026222167866,11146.96,43.95,7.811,False
13237662,2011-12-02,166.9383393,3.546,False,740.2742,86046.13740891792,2928.7597662066905,4619.447453228999,11146.95,43.64,7.811,False
13237662,2011-12-09,,,False,,,,,,,,True
13237662,2011-12-16,167.0406957,3.522,False,740.9389,69375.81195573065,2169.2758242861373,3043.4739794648303,10906.9,43.34,7.811,False
13237662,2011-12-23,167.1565023,3.51,True,801.0752,75141.20722783565,28.824171619663478,2528.188904793545,462.54,44.82,7.811,False
13237662,2011-12-23,167.0996765,3.52,True,2792.8245,37748.66920902674,19.360957292261467,2.0,3756.39,43.32,7.811,False
13237662,2011-12-30,,,True,,,,,,,,True
13339386,2011-12-02,166.6070878,3.34,False,5036.8237,2505.422730492573,2980.266874828804,1827.904164660965,25027.08,42.0,6.46,False
13339386,2011-12-02,166.6315766,3.292,False,862.343,4463.380008241934,1504.4260556333938,1044.9338256584467,25027.08,41.98,6.46,False
13339386,2011-12-09,166.7158035,3.254,False,4429.3976,12509.770952451876,285.66997022554847,1076.81060828351,25026.39,36.5,6.46,False
13339386,2011-12-16,,,False,,,,,,,,True
13339386,2011-12-23,166.8640602,3.243,False,3311.4265,19711.506083232685,265.21193314957094,2.0,2697.04,33.0,6.46,False
13339386,2011-12-30,166.8197741,3.247,True,5223.0698,22783.9983996523,261.8379537627675,1456.1971017679948,12144.89,33.36,6.46,False
13849251,2011-12-02,210.6125869,3.345,False,7416.3555,18237.6392630876,1837.202133631343,2907.307359365175,33099.74,33.09,8.213,False
13849251,2011-12-02,210.589567,3.345,False,7427.1557,45111.38572620138,3586.752002380777,4511.635706133204,33099.74,37.73,8.213,False
13849251,2011-12-09,,,False,,,,,,,,True
13849251,2011-12-16,210.8962295,3.34,False,7079.8036,25144.381454607654,730.0719071242395,2548.469696142897,32866.65,34.59,8.213,False
13849251,2011-12-23,211.2655255,3.245,False,3907.3348,4145.357512598472,140.11684140263455,1748.979885017834,4096.65,33.31,8.213,False
13849251,2011-12-30,211.23423,3.242,False,6547.7691,43257.57251162567,251.29579629636893,3008.008621591478,4096.46,40.92,8.213,False
14285559,2011-12-02,192.9656438,3.655,False,10220.4756,182.62031479048792,13883.432145915374,3242.171125772156,35717.28,24.36,7.734,False
14285559,2011-12-02,192.9655734,3.591,False,8510.3645,182.62031511483048,13883.432145915374,2.0,23975.72,24.16,7.734,False
14285559,2011-12-09,193.0639831,3.525,False,9188.8528,182.62031545514867,13883.432145915374,255.08476247457872,7873.95,23.35,7.734,False
14285559,2011-12-16,,,False,,,,,,,,True
14285559,2011-12-23,193.2537422,3.523,True,6431.4098,182.6203147988424,13883.17646382196,2.0,5961.94,22.99,7.734,False
14285559,2011-12-30,193.3225582,3.523,True,10021.5236,182.62031479048792,523.2390437423969,3490.8002115958675,6019.48,22.26,7.734,False
14447683,2011-12-02,193.1682512,3.222,False,7073.0905,57321.81988507753,190.82278379936668,5383.01690745576,31662.76,49.16,8.808,False
14447683,2011-12-02,193.1992373,3.184,False,2786.8282,96799.0833330883,35.512342651578976,4510.284099136338,31659.67,49.89,8.808,False
14447683,2011-12-09,193.4915997,3.188,False,6929.3949,82263.29093192323,59.27584226661008,2246.7690807144613,25548.94,47.26,8.808,False
14447683,2011-12-16,,,False,,,,,,,,True
14447683,2011-12-23,193.6489845,3.184,True,6987.6047,104519.54,35.83114695991234,944.839282386968,3226.32,43.84,8.808,False
14447683,2011-12-23,193.7212005,3.203,False,7073.091,54905.20833930231,13090.031823236135,821.2667175825399,3528.02,43.22,8.808,False
14447683,2011-12-30,,,False,,,,,,,,True
14945591,2011-12-02,200.7029288,3.285,False,7145.2215,3098.589356506878,1024.532117299185,1543.1939209504956,13532.74,23.67,5.553,False
14945591,2011-12-02,200.7119126,3.242,False,6603.867,0.03,1014.5526362031088,523.1014371900794,6675.76,18.85,5.553,False
14945591,2011-12-09,,,False,,,,,,,,True
14945591,2011-12-16,200.8035752,3.188,False,7148.8098,24380.763860313436,674.4242177987869,1107.0137566262526,9243.11,20.0,5.553,False
14945591,2011-12-23,200.9780651,3.183,False,7214.0613,85529.1020611549,438.469213772236,1880.595517128769,13424.85,24.53,5.553,False
14945591,2011-12-30,201.0648881,3.15,False,4673.7133,38121.47754511464,486.99912153551657,1075.03801573332,3015.77,19.87,5.553,False
15422460,2011-12-02,157.5476149,3.701,True,3567.4389,33457.09138343481,3154.878027312483,712.2342615356072,5306.71,49.65,9.689,False
15422460,2011-12-02,157.5470937,3.701,False,1309.1406,31866.95599634062,3154.878027312483,1056.9019234428738,3707.74,49.65,9.689,False
15422460,2011-12-09,,,False,,,,,,,,True
15422460,2011-12-16,157.5872909,3.579,True,3182.3231,32123.481012235454,3154.878027312483,910.32645502089,3252.91,47.61,9.689,False
15422460,2011-12-23,157.7289391,3.532,True,3783.164,34434.42973228127,44.34961895798176,1464.901111771123,3113.09,35.69,9.689,False
15422460,2011-12-30,157.7179226,3.53,False,1714.2865,32397.60990705772,44.32398644073236,800.0624057042519,799.73,36.72,9.689,False
15709902,2011-12-02,178.248747,3.368,False,2172.5032,104519.54,3940.520328447649,3530.490363931851,19833.35,56.82,7.327,False
15709902,2011-12-02,178.2515387,3.306,False,1707.0288,97269.21208878668,6051.481846646902,3447.5630083014166,19828.19,56.27,7.327,False
15709902,2011-12-09,178.4159396,3.306,False,1717.3472,104519.54,4006.9162607367903,2977.908540681209,3406.86,47.96,7.327,False
15709902,2011-12-16,,,False,,,,,,,,True
15709902,2011-12-23,178.6408003,3.32,False,3453.6171,104519.54,186.5438104066953,1558.777961664711,977.53,45.03,7.327,False
15709902,2011-12-23,178.6056663,3.3,False,1793.1221,80828.87527824509,1124.9134212194365,580.586280866749,988.67,45.31,7.327,False
15709902,2011-12-30,,,False,,,,,,,,True
16116667,2011-12-02,143.7932376,3.437,False,7069.6414,442.3428287780537,9461.45266736194,6351.869175840909,34745.07,39.25,7.797,False
16116667,2011-12-02,143.7937586,3.414,False,4896.9166,0.03,9456.56409311108,1744.893764989386,34409.78,33.74,7.797,False
16116667,2011-12-09,143.8683812,3.359,False,6499.5882,6067.52728876712,6288.0044833571965,5687.719031411477,13126.49,34.14,7.797,False
16116667,2011-12-16,,,False,,,,,,,,True
16116667,2011-12-23,144.1108308,3.278,False,6620.2564,37690.3176738085,829.1568646718098,832.0353229466234,4010.81,33.79,7.797,False
16116667,2011-12-30,144.0717114,3.313,False,8080.1132,82868.08322779753,364.2061991578819,6391.617944322171,3970.89,36.03,7.797,False
16166434,2011-12-02,160.8490403,3.336,False,1114.0047,46560.81178750233,407.2365643198421,1682.2238460374308,5856.73,46.44,9.65,False
16166434,2011-12-09,160.8521025,3.336,False,5393.5385,46560.91933885092,31.173416760398283,1684.6387477800135,5811.04,47.03,9.65,False
16166434,2011-12-16,160.9966285,3.309,False,5285.3811,46505.548753305295,254.5978010919362,630.7686335525284,5473.22,46.38,9.65,False
16166434,2011-12-23,161.3304904,3.219,True,1118.392,33671.25430643458,684.7782639887847,183.9680376365508,4959.75,45.02,9.65,False
16166434,2011-12-23,161.3294799,3.21,True,5394.9508,44820.546668805095,54.94323426620454,217.30606355059632,4573.11,44.92,9.65,False
16166434,2011-12-30,,,True,,,,,,,,True
16365361,2011-12-02,139.572486,3.35,False,3620.6473,102453.7556149932,5002.383523571988,2656.0667348189368,4260.53,57.2,7.159,False
16365361,2011-12-02,139.5724875,3.339,False,4604.1203,102201.58607924964,533.6783666843129,2483.2892484299846,4050.2,55.54,7.159,False
16365361,2011-12-09,139.6563262,3.31,False,4161.9559,101869.89021706778,618.0388787692536,1836.4028687248729,3292.93,55.09,7.159,False
16365361,2011-12-16,,,False,,,,,,,,True
16365361,2011-12-23,139.9096435,3.274,False,4227.248,92284.20174199287,235.464893429746,757.7690616670811,1230.96,50.61,7.159,False
16365361,2011-12-23,139.9989881,3.259,True,779.4169,102297.70533885046,1175.2955537480757,1297.096569881957,2310.35,52.93,7.159,False
16365361,2011-12-30,,,True,,,,,,,,True
